message_id,semester,subject,year,file_link,from_id,chat_id,date,file_name,mime_type,file_id,file_unique_id,file_size
2193,/SEMESTER1,/Physics,/2023,,1789016259,1789016259,1724050980,g4 practical-checkpoint.ipynb,application/octet-stream,BQACAgUAAxkBAAIIj2bC7iSY37pTzTBcgUrRR8y5ddGiAALdEQAC49QYVtdxPjv01wiLNQQ,AgAD3REAAuPUGFY,4060
2201,/SEMESTER1,/Physics,/2023,,1789016259,1789016259,1724050994,file handling-checkpoint (2).py,text/x-python,BQACAgUAAxkBAAIIk2bC7jLjl0UMBSJcCPTBqyPcdn51AALeEQAC49QYVqUMnBv_F67oNQQ,AgAD3hEAAuPUGFY,3094
2205,/SEMESTER1,/Physics,/2023,,1789016259,1789016259,1724050995,g4 practical-checkpoint.ipynb,application/octet-stream,BQACAgUAAxkBAAIIlGbC7jJP0u0tzpnGnBBVWbXsn_wtAALfEQAC49QYVv2-mnfuL6_dNQQ,AgAD3xEAAuPUGFY,4060
2207,/SEMESTER1,/Physics,/2023,,1789016259,1789016259,1724050995,PYTHON Q FROM SEC C-checkpoint.ipynb,application/octet-stream,BQACAgUAAxkBAAIIlWbC7jPB5F0hCeUwUze_rpEFeKKYAALgEQAC49QYVlPi2yQnLuyuNQQ,AgAD4BEAAuPUGFY,18733
2211,/SEMESTER1,/Physics,/2023,,1789016259,1789016259,1724050995,python sub all possible Q sol till midsem-checkpoint.ipynb,application/octet-stream,BQACAgUAAxkBAAIIlmbC7jNealLa2_rBg_3d5Vk9Qq_tAALhEQAC49QYVv3A2OCQBttiNQQ,AgAD4REAAuPUGFY,16492
2213,/SEMESTER1,/Physics,/2023,,1789016259,1789016259,1724050996,Quesations for python-checkpoint.ipynb,application/octet-stream,BQACAgUAAxkBAAIIl2bC7jSMnpUxYS04Gas8kGATYnsqAALiEQAC49QYVr6mlISxKtObNQQ,AgAD4hEAAuPUGFY,4644
2431,/SEMESTER1,/Physics,/2023,,1789016259,1789016259,1724052617,1789016259.pdf,application/pdf,BQACAgUAAxkBAAIJVmbC9Il1Kk05-XKpfPk8gfWTtfZcAALpEQACT934Vemr3hgHv4gGNQQ,AgAD6REAAk_d-FU,1959
2435,/SEMESTER1,/Physics,/2023,,1789016259,1789016259,1724052617,1789016259.pdf,application/pdf,BQACAgUAAxkBAAIJV2bC9IlzDgcG_Z_7wal-29FyL20MAALqEQACT934VUZRKOiIVZIzNQQ,AgAD6hEAAk_d-FU,1959
2437,/SEMESTER1,/Physics,/2023,,1789016259,1789016259,1724052617,1789016259.pdf,application/pdf,BQACAgUAAxkBAAIJWGbC9Il_YlKhk_TI_igMm7hdGkqUAALrEQACT934VcHCK14g-rp1NQQ,AgAD6xEAAk_d-FU,1959
2440,/SEMESTER1,/Physics,/2023,,1789016259,1789016259,1724052617,file handling-checkpoint.py,text/x-python,BQACAgUAAxkBAAIJWWbC9IkW0oibufNWIywYduz5EJ8CAAJADQAC7l74VRIhu0ydZkL4NQQ,AgADQA0AAu5e-FU,3094
2444,/SEMESTER1,/Physics,/2023,,1789016259,1789016259,1724052617,Quesations for python-checkpoint.ipynb,application/octet-stream,BQACAgUAAxkBAAIJWmbC9In993NjG-XMNCRk3nm_urpcAAKdEQACT934VQ_yhEhBczwMNQQ,AgADnREAAk_d-FU,4644
2447,/SEMESTER1,/Physics,/2023,,1789016259,1789016259,1724052617,1789016259.pdf,application/pdf,BQACAgUAAxkBAAIJW2bC9IlROmnWmg4zMAAB5bnoiFZVugAC7hEAAk_d-FUuZt5Zn491ejUE,AgAD7hEAAk_d-FU,1959
2448,/SEMESTER1,/Physics,/2023,,1789016259,1789016259,1724052617,1789016259.pdf,application/pdf,BQACAgUAAxkBAAIJXGbC9Im-uGLn1clF_uyDVNxcMuDpAALvEQACT934VeTb4OsCRGhQNQQ,AgAD7xEAAk_d-FU,1959
2453,/SEMESTER1,/Physics,/2023,,1789016259,1789016259,1724052617,1789016259.pdf,application/pdf,BQACAgUAAxkBAAIJXWbC9InHJ0ttPrhM30wn83P5e5UKAALwEQACT934VXIWnU-yIR2FNQQ,AgAD8BEAAk_d-FU,1959
2455,/SEMESTER1,/Physics,/2023,,1789016259,1789016259,1724052617,1789016259.pdf,application/pdf,BQACAgUAAxkBAAIJXmbC9Iletqeio8bfxk9qPQnd_u2UAALxEQACT934VcD1KEvlRdrENQQ,AgAD8REAAk_d-FU,1959
2458,/SEMESTER1,/Physics,/2023,,1789016259,1789016259,1724052618,1789016259.pdf,application/pdf,BQACAgUAAxkBAAIJX2bC9In6uotP_SZJj-R1JXBRFbnQAALyEQACT934VUTso_QlOuzsNQQ,AgAD8hEAAk_d-FU,1959
2460,/SEMESTER1,/Physics,/2023,,1789016259,1789016259,1724052618,1789016259.pdf,application/pdf,BQACAgUAAxkBAAIJYGbC9InKImwMma3ctLf0kVFQ0cJUAALzEQACT934VVzWeQkrBwbZNQQ,AgAD8xEAAk_d-FU,1959
2465,/SEMESTER1,/Physics,/2023,,1789016259,1789016259,1724052618,1789016259.pdf,application/pdf,BQACAgUAAxkBAAIJYWbC9IkQfH3_e9IyNPyHJ7zyihA1AAL0EQACT934VftYbj1bdUz0NQQ,AgAD9BEAAk_d-FU,1959
2507,/SEMESTER1,/Physics,/2023,,1789016259,1789016259,1724052618,1789016259.pdf,application/pdf,BQACAgUAAxkBAAIJYmbC9InXC7sGC0TN6SjBdyZs08VYAAL1EQACT934Vaiw13tvEb5-NQQ,AgAD9REAAk_d-FU,1959
2509,/SEMESTER1,/Physics,/2023,,1789016259,1789016259,1724052618,1789016259.pdf,application/pdf,BQACAgUAAxkBAAIJY2bC9ImUWTQg0OGNOt1HoF_8wfXXAAL4EQACT934Vbewdv1Ygfi9NQQ,AgAD-BEAAk_d-FU,1959
2513,/SEMESTER1,/Physics,/2023,,1789016259,1789016259,1724052618,1789016259.pdf,application/pdf,BQACAgUAAxkBAAIJZGbC9IlfkcwXoT_waR9g3icbGZTyAAL5EQACT934VdTWVDoTHHI1NQQ,AgAD-REAAk_d-FU,2001
2517,/SEMESTER1,/Physics,/2023,,1789016259,1789016259,1724052618,Quesations for python-checkpoint.ipynb,application/octet-stream,BQACAgUAAxkBAAIJc2bC9InGlNe_fYpEEoKT3YIzVLL9AAKdEQACT934VQ_yhEhBczwMNQQ,AgADnREAAk_d-FU,4644
2519,/SEMESTER1,/Physics,/2023,,1789016259,1789016259,1724052618,1789016259(1).pdf,application/pdf,BQACAgUAAxkBAAIJdGbC9IlRtHDinoqRUTIHT6MQmqE6AAKQEQACwgkZVoPO08Sr9ANANQQ,AgADkBEAAsIJGVY,1786
2522,/SEMESTER1,/Physics,/2023,,1789016259,1789016259,1724052618,1789016259(1).pdf,application/pdf,BQACAgUAAxkBAAIJdWbC9Im5RRzaEeRVh1J7TLswiJyGAAKREQACwgkZVv_1kIiDLY5uNQQ,AgADkREAAsIJGVY,2131
2525,/SEMESTER1,/Physics,/2023,,1789016259,1789016259,1724052618,1789016259(2).pdf,application/pdf,BQACAgUAAxkBAAIJdmbC9Il1PxmyGcWIWhlWrZk-PJcKAAKSEQACwgkZVkJWJuol30PeNQQ,AgADkhEAAsIJGVY,2100
2527,/SEMESTER1,/Physics,/2023,,1789016259,1789016259,1724052618,1789016259(3).pdf,application/pdf,BQACAgUAAxkBAAIJd2bC9IloaeQJpGlIClE9oWqLNBt0AAKTEQACwgkZVmF52aSJ3LuCNQQ,AgADkxEAAsIJGVY,2822
2531,/SEMESTER1,/Physics,/2023,,1789016259,1789016259,1724052618,1789016259(1).pdf,application/pdf,BQACAgUAAxkBAAIJeGbC9IlE-ZY7u_GQqfaI8guMtnusAAKUEQACwgkZVisQLvotUHETNQQ,AgADlBEAAsIJGVY,2131
2534,/SEMESTER1,/Physics,/2023,,1789016259,1789016259,1724052618,1789016259(2).pdf,application/pdf,BQACAgUAAxkBAAIJeWbC9Imp5712cbFn47BBkhG-suVEAAKVEQACwgkZVmLz8udrfKO4NQQ,AgADlREAAsIJGVY,2100
2538,/SEMESTER1,/Physics,/2023,,1789016259,1789016259,1724052618,1789016259(3).pdf,application/pdf,BQACAgUAAxkBAAIJembC9IlU0KknP4kpgBYkK8Vp2KCuAAKWEQACwgkZVlhZggsdejXDNQQ,AgADlhEAAsIJGVY,2822
2539,/SEMESTER1,/Physics,/2023,,1789016259,1789016259,1724052618,1789016259(1).pdf,application/pdf,BQACAgUAAxkBAAIJe2bC9IlumFJFnFd7kK0y8k5mEJzNAAKXEQACwgkZVpL-Sg2iSMIyNQQ,AgADlxEAAsIJGVY,2421
2543,/SEMESTER1,/Physics,/2023,,1789016259,1789016259,1724052618,1789016259(2).pdf,application/pdf,BQACAgUAAxkBAAIJfGbC9IlUe1m3Mbq0QRx0gTp8mWRVAAKYEQACwgkZVuHjbYKBBmUCNQQ,AgADmBEAAsIJGVY,2421
2546,/SEMESTER1,/Physics,/2023,,1789016259,1789016259,1724052618,1789016259(3).pdf,application/pdf,BQACAgUAAxkBAAIJfWbC9IkYbqvLbfEVoAUZ2YW9Ce7hAAKZEQACwgkZVv-qMHlHzybyNQQ,AgADmREAAsIJGVY,2220
2550,/SEMESTER1,/Physics,/2023,,1789016259,1789016259,1724052639,1789016259.pdf,application/pdf,BQACAgUAAxkBAAIJombC9J_MmYyEJ-rwabcP0ATk3KQMAALpEQACT934Vemr3hgHv4gGNQQ,AgAD6REAAk_d-FU,1959
2552,/SEMESTER1,/Physics,/2023,,1789016259,1789016259,1724052639,1789016259.pdf,application/pdf,BQACAgUAAxkBAAIJo2bC9J-YabYHy1IVGEcjD45REMjuAALqEQACT934VUZRKOiIVZIzNQQ,AgAD6hEAAk_d-FU,1959
2554,/SEMESTER1,/Physics,/2023,,1789016259,1789016259,1724052639,1789016259.pdf,application/pdf,BQACAgUAAxkBAAIJpGbC9J-leVq0PXVl4MQ42pgUd8VkAALrEQACT934VcHCK14g-rp1NQQ,AgAD6xEAAk_d-FU,1959
2558,/SEMESTER1,/Physics,/2023,,1789016259,1789016259,1724052639,file handling-checkpoint.py,text/x-python,BQACAgUAAxkBAAIJpWbC9J9PiB99Xvf38X0WujDroB8kAAJADQAC7l74VRIhu0ydZkL4NQQ,AgADQA0AAu5e-FU,3094
2562,/SEMESTER1,/Physics,/2023,,1789016259,1789016259,1724052639,1789016259.pdf,application/pdf,BQACAgUAAxkBAAIJtGbC9J-D_XMRNNw4_CafhdIoxN0rAAIBEgACT934VVgVAqh0P--KNQQ,AgADARIAAk_d-FU,2043
2563,/SEMESTER1,/Physics,/2023,,1789016259,1789016259,1724052639,1789016259.pdf,application/pdf,BQACAgUAAxkBAAIJtWbC9J_Z6_9aqDdnxzQOq6xCEva0AAICEgACT934VYAPBIv9GgrvNQQ,AgADAhIAAk_d-FU,2043
2568,/SEMESTER1,/Physics,/2023,,1789016259,1789016259,1724052639,1789016259.pdf,application/pdf,BQACAgUAAxkBAAIJtmbC9J_b7RxLZL3nNR3ltw0amOE0AAIDEgACT934VUB4j2WeHVxxNQQ,AgADAxIAAk_d-FU,2043
2570,/SEMESTER1,/Physics,/2023,,1789016259,1789016259,1724052639,1789016259.pdf,application/pdf,BQACAgUAAxkBAAIJt2bC9J-34JvxvAOVZHV0xdXAJMUGAAIFEgACT934VQTQfcY_h9qaNQQ,AgADBRIAAk_d-FU,2043
2573,/SEMESTER1,/Physics,/2023,,1789016259,1789016259,1724052639,1789016259.pdf,application/pdf,BQACAgUAAxkBAAIJuGbC9J_iM_vajOq0d9HQb3gKJ6xxAAIGEgACT934VWPjC8tm_gpvNQQ,AgADBhIAAk_d-FU,2043
2575,/SEMESTER1,/Physics,/2023,,1789016259,1789016259,1724052639,1789016259.pdf,application/pdf,BQACAgUAAxkBAAIJuWbC9J8lOGf1X1Jpag0zJaqgJPuhAAIHEgACT934VQx2xdv1ZCyvNQQ,AgADBxIAAk_d-FU,2043
2579,/SEMESTER1,/Physics,/2023,,1789016259,1789016259,1724052639,1789016259.pdf,application/pdf,BQACAgUAAxkBAAIJumbC9J9hL0ldSzcD1mAE1kSJ32ZKAAK_EAACwgkJVs9Hxxz2_2UONQQ,AgADvxAAAsIJCVY,2043
2581,/SEMESTER1,/Physics,/2023,,1789016259,1789016259,1724052639,1789016259.pdf,application/pdf,BQACAgUAAxkBAAIJu2bC9J_jift0JqKRYTy2AcuqwgABOgAC1RAAAsIJCVaPSkLdA26nazUE,AgAD1RAAAsIJCVY,2043
2586,/SEMESTER1,/Physics,/2023,,1789016259,1789016259,1724052639,1789016259.pdf,application/pdf,BQACAgUAAxkBAAIJvGbC9J_k5SxoOiNgctFCfCmHWVSYAAIrEQACwgkJVnET6dU9KQGrNQQ,AgADKxEAAsIJCVY,2043
2587,/SEMESTER1,/Physics,/2023,,1789016259,1789016259,1724052639,1789016259.pdf,application/pdf,BQACAgUAAxkBAAIJvWbC9J-ytZa5azD89MnN8q4swaJXAAI0EQACwgkJVsgz3pHZkGnkNQQ,AgADNBEAAsIJCVY,2043
2590,/SEMESTER1,/Physics,/2023,,1789016259,1789016259,1724052639,Quesations for python-checkpoint.ipynb,application/octet-stream,BQACAgUAAxkBAAIJvmbC9J86YWfb4OU_EJ-XeVJc7DcpAAKdEQACT934VQ_yhEhBczwMNQQ,AgADnREAAk_d-FU,4644
2595,/SEMESTER1,/Physics,/2023,,1789016259,1789016259,1724052639,Quesations for python-checkpoint.ipynb,application/octet-stream,BQACAgUAAxkBAAIJv2bC9J8cPP8W3EgOp4dl0-7flmvDAAKdEQACT934VQ_yhEhBczwMNQQ,AgADnREAAk_d-FU,4644
2597,/SEMESTER1,/Physics,/2023,,1789016259,1789016259,1724052639,1789016259(1).pdf,application/pdf,BQACAgUAAxkBAAIJwGbC9J_eMXslN_Q4srLO7ly_hFKwAAKQEQACwgkZVoPO08Sr9ANANQQ,AgADkBEAAsIJGVY,1786
2599,/SEMESTER1,/Physics,/2023,,1789016259,1789016259,1724052639,1789016259(1).pdf,application/pdf,BQACAgUAAxkBAAIJwWbC9J-AAvKoHNC2PhAsjTXdXUotAAKREQACwgkZVv_1kIiDLY5uNQQ,AgADkREAAsIJGVY,2131
2603,/SEMESTER1,/Physics,/2023,,1789016259,1789016259,1724052639,1789016259(2).pdf,application/pdf,BQACAgUAAxkBAAIJwmbC9J_z1S5udQvj1Jo3eWYd6KvrAAKSEQACwgkZVkJWJuol30PeNQQ,AgADkhEAAsIJGVY,2100
2686,/SEMESTER1,/Physics,/2023,,1789016259,1789016259,1724052745,1789016259.pdf,application/pdf,BQACAgUAAxkBAAIKNGbC9QmQYi5LXjV2NoIrmeVaKZAEAALwEQACT934VXIWnU-yIR2FNQQ,AgAD8BEAAk_d-FU,1959
2689,/SEMESTER1,/Physics,/2023,,1789016259,1789016259,1724052745,1789016259.pdf,application/pdf,BQACAgUAAxkBAAIKNWbC9QmDpTQsVWWNcLuqAXUrR8ibAALxEQACT934VcD1KEvlRdrENQQ,AgAD8REAAk_d-FU,1959
2692,/SEMESTER1,/Physics,/2023,,1789016259,1789016259,1724052745,1789016259.pdf,application/pdf,BQACAgUAAxkBAAIKNmbC9Qk3OZB1BNKpYzPcg2R3JpnYAALyEQACT934VUTso_QlOuzsNQQ,AgAD8hEAAk_d-FU,1959
2694,/SEMESTER1,/Physics,/2023,,1789016259,1789016259,1724052745,1789016259.pdf,application/pdf,BQACAgUAAxkBAAIKN2bC9QmlCAvko8r6USFrSFMuQYItAALzEQACT934VVzWeQkrBwbZNQQ,AgAD8xEAAk_d-FU,1959
2699,/SEMESTER1,/Physics,/2023,,1789016259,1789016259,1724052745,1789016259.pdf,application/pdf,BQACAgUAAxkBAAIKOGbC9QkSCB9_g_gTbhAXxjeAHp5ZAAL0EQACT934VftYbj1bdUz0NQQ,AgAD9BEAAk_d-FU,1959
2701,/SEMESTER1,/Physics,/2023,,1789016259,1789016259,1724052745,1789016259.pdf,application/pdf,BQACAgUAAxkBAAIKOWbC9QlvJk_t1pZB6SWJI2FW2cBKAAL1EQACT934Vaiw13tvEb5-NQQ,AgAD9REAAk_d-FU,1959
2704,/SEMESTER1,/Physics,/2023,,1789016259,1789016259,1724052745,1789016259.pdf,application/pdf,BQACAgUAAxkBAAIKOmbC9Qms7keLWmfmn9slsLnJYcSyAAL4EQACT934Vbewdv1Ygfi9NQQ,AgAD-BEAAk_d-FU,1959
2706,/SEMESTER1,/Physics,/2023,,1789016259,1789016259,1724052745,1789016259.pdf,application/pdf,BQACAgUAAxkBAAIKO2bC9Qk3sjLteXw6CibTaL77cWyXAAL5EQACT934VdTWVDoTHHI1NQQ,AgAD-REAAk_d-FU,2001
2710,/SEMESTER1,/Physics,/2023,,1789016259,1789016259,1724052745,1789016259.pdf,application/pdf,BQACAgUAAxkBAAIKPGbC9QnRzq8nAb9USNERdYBKr2nYAAL6EQACT934VZC6VxHrSzAzNQQ,AgAD-hEAAk_d-FU,1959
2712,/SEMESTER1,/Physics,/2023,,1789016259,1789016259,1724052745,1789016259.pdf,application/pdf,BQACAgUAAxkBAAIKPWbC9Qm-wqSadB5XWUfPUyQAAeufHgAC-xEAAk_d-FVpDt_S8WgnQjUE,AgAD-xEAAk_d-FU,2001
2716,/SEMESTER1,/Physics,/2023,,1789016259,1789016259,1724052745,1789016259.pdf,application/pdf,BQACAgUAAxkBAAIKPmbC9Qn2dTW4zAE_BIG3uCbQEUh6AAMSAAJP3fhViqB1YVHoCPM1BA,AgAEEgACT934VQ,2043
2720,/SEMESTER1,/Physics,/2023,,1789016259,1789016259,1724052745,1789016259.pdf,application/pdf,BQACAgUAAxkBAAIKP2bC9QnAsa3c0N08t_hTWsfffFb5AAIBEgACT934VVgVAqh0P--KNQQ,AgADARIAAk_d-FU,2043
2722,/SEMESTER1,/Physics,/2023,,1789016259,1789016259,1724052745,1789016259.pdf,application/pdf,BQACAgUAAxkBAAIKQGbC9QmQkmsaecNeU76Fhgxv3Q2NAAICEgACT934VYAPBIv9GgrvNQQ,AgADAhIAAk_d-FU,2043
2725,/SEMESTER1,/Physics,/2023,,1789016259,1789016259,1724052745,1789016259.pdf,application/pdf,BQACAgUAAxkBAAIKQWbC9QmwbKbqvHoAAfLLoHo3tolDoAACAxIAAk_d-FVAeI9lnh1ccTUE,AgADAxIAAk_d-FU,2043
2728,/SEMESTER1,/Physics,/2023,,1789016259,1789016259,1724052745,1789016259.pdf,application/pdf,BQACAgUAAxkBAAIKQmbC9QkDm633aug0MMAGNoKR-jpnAAIFEgACT934VQTQfcY_h9qaNQQ,AgADBRIAAk_d-FU,2043
2732,/SEMESTER1,/Physics,/2023,,1789016259,1789016259,1724052745,1789016259(3).pdf,application/pdf,BQACAgUAAxkBAAIKUWbC9QmuTFFLJj9VVVLh7EF_Za58AAKWEQACwgkZVlhZggsdejXDNQQ,AgADlhEAAsIJGVY,2822
2734,/SEMESTER1,/Physics,/2023,,1789016259,1789016259,1724052745,1789016259(1).pdf,application/pdf,BQACAgUAAxkBAAIKUmbC9QmqRUt8LiOLHRS3NBRA5qlNAAKXEQACwgkZVpL-Sg2iSMIyNQQ,AgADlxEAAsIJGVY,2421
2737,/SEMESTER1,/Physics,/2023,,1789016259,1789016259,1724052745,1789016259(2).pdf,application/pdf,BQACAgUAAxkBAAIKU2bC9QkdxEYFkb3q3KcxUm-PI91YAAKYEQACwgkZVuHjbYKBBmUCNQQ,AgADmBEAAsIJGVY,2421
2740,/SEMESTER1,/Physics,/2023,,1789016259,1789016259,1724052745,1789016259(3).pdf,application/pdf,BQACAgUAAxkBAAIKVGbC9QlDY9FRSrk3k3XhPRf96HYgAAKZEQACwgkZVv-qMHlHzybyNQQ,AgADmREAAsIJGVY,2220
2743,/SEMESTER1,/Physics,/2023,,1789016259,1789016259,1724052745,1789016259.pdf,application/pdf,BQACAgUAAxkBAAIKVWbC9QkgdbGjzAkxf7ug2-m8t7OnAALpEQACT934Vemr3hgHv4gGNQQ,AgAD6REAAk_d-FU,1959
2746,/SEMESTER1,/Physics,/2023,,1789016259,1789016259,1724052745,1789016259.pdf,application/pdf,BQACAgUAAxkBAAIKVmbC9QltgRc8ouCiuDXPa93q-01ZAALqEQACT934VUZRKOiIVZIzNQQ,AgAD6hEAAk_d-FU,1959
2748,/SEMESTER1,/Physics,/2023,,1789016259,1789016259,1724052745,1789016259.pdf,application/pdf,BQACAgUAAxkBAAIKV2bC9Ql56hJDRwSYrAMreJv8SS62AALrEQACT934VcHCK14g-rp1NQQ,AgAD6xEAAk_d-FU,1959
2752,/SEMESTER1,/Physics,/2023,,1789016259,1789016259,1724052745,file handling-checkpoint.py,text/x-python,BQACAgUAAxkBAAIKWGbC9QnhLLIeyWosg-55VVpDdTpgAAJADQAC7l74VRIhu0ydZkL4NQQ,AgADQA0AAu5e-FU,3094
2756,/SEMESTER1,/Physics,/2023,,1789016259,1789016259,1724052745,Quesations for python-checkpoint.ipynb,application/octet-stream,BQACAgUAAxkBAAIKWWbC9Ql23T4DWxYjzyWtTnTKWOloAAKdEQACT934VQ_yhEhBczwMNQQ,AgADnREAAk_d-FU,4644
2757,/SEMESTER1,/Physics,/2023,,1789016259,1789016259,1724052745,1789016259.pdf,application/pdf,BQACAgUAAxkBAAIKWmbC9QkxfQlYuvTpgHtOvG6t0CN8AALuEQACT934VS5m3lmfj3V6NQQ,AgAD7hEAAk_d-FU,1959
2761,/SEMESTER1,/Physics,/2023,,1789016259,1789016259,1724052745,1789016259.pdf,application/pdf,BQACAgUAAxkBAAIKW2bC9QkVvnpmqBQ6syQZGuEhYx_uAALvEQACT934VeTb4OsCRGhQNQQ,AgAD7xEAAk_d-FU,1959
2764,/SEMESTER1,/Physics,/2023,,1789016259,1789016259,1724052745,1789016259.pdf,application/pdf,BQACAgUAAxkBAAIKXGbC9QlpFf5aDXHDuYVlzWdYUlaMAALwEQACT934VXIWnU-yIR2FNQQ,AgAD8BEAAk_d-FU,1959
2767,/SEMESTER1,/Physics,/2023,,1789016259,1789016259,1724052745,1789016259.pdf,application/pdf,BQACAgUAAxkBAAIKXWbC9QmyCCpGEfiiGtTweGtbBx2vAALxEQACT934VcD1KEvlRdrENQQ,AgAD8REAAk_d-FU,1959
2770,/SEMESTER1,/Physics,/2023,,1789016259,1789016259,1724052745,1789016259.pdf,application/pdf,BQACAgUAAxkBAAIKXmbC9QlD4KVRme0kroDWS5CyJ-_1AALyEQACT934VUTso_QlOuzsNQQ,AgAD8hEAAk_d-FU,1959
2772,/SEMESTER1,/Physics,/2023,,1789016259,1789016259,1724052745,1789016259.pdf,application/pdf,BQACAgUAAxkBAAIKX2bC9Qkb5fXtnKlnxPAcYNPIhTZ-AALzEQACT934VVzWeQkrBwbZNQQ,AgAD8xEAAk_d-FU,1959
2777,/SEMESTER1,/Physics,/2023,,1789016259,1789016259,1724052745,1789016259.pdf,application/pdf,BQACAgUAAxkBAAIKbmbC9QnLsn3JFhHX0Mxv8QdlsjWlAALVEAACwgkJVo9KQt0DbqdrNQQ,AgAD1RAAAsIJCVY,2043
2778,/SEMESTER1,/Physics,/2023,,1789016259,1789016259,1724052745,1789016259.pdf,application/pdf,BQACAgUAAxkBAAIKb2bC9Qk4GJAVwFPhCbe_wqvOxGbWAAIrEQACwgkJVnET6dU9KQGrNQQ,AgADKxEAAsIJCVY,2043
2783,/SEMESTER1,/Physics,/2023,,1789016259,1789016259,1724052745,1789016259.pdf,application/pdf,BQACAgUAAxkBAAIKcGbC9QmQU3YrQ4bU9NELoKtZ8P2NAAI0EQACwgkJVsgz3pHZkGnkNQQ,AgADNBEAAsIJCVY,2043
2785,/SEMESTER1,/Physics,/2023,,1789016259,1789016259,1724052745,Quesations for python-checkpoint.ipynb,application/octet-stream,BQACAgUAAxkBAAIKcWbC9QmG3ZD37FXxX3vQ_5KjGoS-AAKdEQACT934VQ_yhEhBczwMNQQ,AgADnREAAk_d-FU,4644
2789,/SEMESTER1,/Physics,/2023,,1789016259,1789016259,1724052745,Quesations for python-checkpoint.ipynb,application/octet-stream,BQACAgUAAxkBAAIKcmbC9Ql2nSLsFSfGEsj1Nd3Eo75fAAKdEQACT934VQ_yhEhBczwMNQQ,AgADnREAAk_d-FU,4644
2791,/SEMESTER1,/Physics,/2023,,1789016259,1789016259,1724052746,1789016259(1).pdf,application/pdf,BQACAgUAAxkBAAIKc2bC9Qlmf_R5pFtgw_YYYdAYjwGKAAKQEQACwgkZVoPO08Sr9ANANQQ,AgADkBEAAsIJGVY,1786
2794,/SEMESTER1,/Physics,/2023,,1789016259,1789016259,1724052746,1789016259(1).pdf,application/pdf,BQACAgUAAxkBAAIKdGbC9Qm7SWk_VlWgUpJFTyuEE2cHAAKREQACwgkZVv_1kIiDLY5uNQQ,AgADkREAAsIJGVY,2131
2797,/SEMESTER1,/Physics,/2023,,1789016259,1789016259,1724052746,1789016259(2).pdf,application/pdf,BQACAgUAAxkBAAIKdWbC9QmDRl8GR9NvqgiFy0E_fHTiAAKSEQACwgkZVkJWJuol30PeNQQ,AgADkhEAAsIJGVY,2100
2800,/SEMESTER1,/Physics,/2023,,1789016259,1789016259,1724052746,1789016259(3).pdf,application/pdf,BQACAgUAAxkBAAIKdmbC9QkvqkDDcAFa6jp4J_WftkRSAAKTEQACwgkZVmF52aSJ3LuCNQQ,AgADkxEAAsIJGVY,2822
2803,/SEMESTER1,/Physics,/2023,,1789016259,1789016259,1724052746,1789016259(1).pdf,application/pdf,BQACAgUAAxkBAAIKd2bC9QmcRC1Cfm4dh6LXv0IUXLQLAAKUEQACwgkZVisQLvotUHETNQQ,AgADlBEAAsIJGVY,2131
2805,/SEMESTER1,/Physics,/2023,,1789016259,1789016259,1724052746,1789016259(2).pdf,application/pdf,BQACAgUAAxkBAAIKeGbC9QkKlhjFVSOAQkmQlcOBM0eyAAKVEQACwgkZVmLz8udrfKO4NQQ,AgADlREAAsIJGVY,2100
2809,/SEMESTER1,/Physics,/2023,,1789016259,1789016259,1724052746,1789016259(3).pdf,application/pdf,BQACAgUAAxkBAAIKeWbC9QlcWmpL3X9ZAT2XL_kVmvHoAAKWEQACwgkZVlhZggsdejXDNQQ,AgADlhEAAsIJGVY,2822
2811,/SEMESTER1,/Physics,/2023,,1789016259,1789016259,1724052746,1789016259(1).pdf,application/pdf,BQACAgUAAxkBAAIKembC9QkZIE-3Y_odWxLpvt5HvY4DAAKXEQACwgkZVpL-Sg2iSMIyNQQ,AgADlxEAAsIJGVY,2421
2814,/SEMESTER1,/Physics,/2023,,1789016259,1789016259,1724052746,1789016259(2).pdf,application/pdf,BQACAgUAAxkBAAIKe2bC9QnACt-XqSCZrvHMvGzkQD9yAAKYEQACwgkZVuHjbYKBBmUCNQQ,AgADmBEAAsIJGVY,2421
2818,/SEMESTER1,/Physics,/2023,,1789016259,1789016259,1724052746,1789016259(3).pdf,application/pdf,BQACAgUAAxkBAAIKfGbC9QnSZ5yT9Z-25mYzb9BjnE1fAAKZEQACwgkZVv-qMHlHzybyNQQ,AgADmREAAsIJGVY,2220
2822,/SEMESTER1,/Physics,/2023,,1789016259,1789016259,1724052745,1789016259.pdf,application/pdf,BQACAgUAAxkBAAIKbmbC9QnLsn3JFhHX0Mxv8QdlsjWlAALVEAACwgkJVo9KQt0DbqdrNQQ,AgAD1RAAAsIJCVY,2043
2824,/SEMESTER1,/Physics,/2023,,1789016259,1789016259,1724052745,1789016259.pdf,application/pdf,BQACAgUAAxkBAAIKb2bC9Qk4GJAVwFPhCbe_wqvOxGbWAAIrEQACwgkJVnET6dU9KQGrNQQ,AgADKxEAAsIJCVY,2043
2827,/SEMESTER1,/Physics,/2023,,1789016259,1789016259,1724052745,1789016259.pdf,application/pdf,BQACAgUAAxkBAAIKcGbC9QmQU3YrQ4bU9NELoKtZ8P2NAAI0EQACwgkJVsgz3pHZkGnkNQQ,AgADNBEAAsIJCVY,2043
2828,/SEMESTER1,/Physics,/2023,,1789016259,1789016259,1724052745,Quesations for python-checkpoint.ipynb,application/octet-stream,BQACAgUAAxkBAAIKcWbC9QmG3ZD37FXxX3vQ_5KjGoS-AAKdEQACT934VQ_yhEhBczwMNQQ,AgADnREAAk_d-FU,4644
2834,/SEMESTER1,/Physics,/2023,,1789016259,1789016259,1724052745,Quesations for python-checkpoint.ipynb,application/octet-stream,BQACAgUAAxkBAAIKcmbC9Ql2nSLsFSfGEsj1Nd3Eo75fAAKdEQACT934VQ_yhEhBczwMNQQ,AgADnREAAk_d-FU,4644
2836,/SEMESTER1,/Physics,/2023,,1789016259,1789016259,1724052746,1789016259(1).pdf,application/pdf,BQACAgUAAxkBAAIKc2bC9Qlmf_R5pFtgw_YYYdAYjwGKAAKQEQACwgkZVoPO08Sr9ANANQQ,AgADkBEAAsIJGVY,1786
2841,/SEMESTER1,/Physics,/2023,,1789016259,1789016259,1724052746,1789016259(1).pdf,application/pdf,BQACAgUAAxkBAAIKdGbC9Qm7SWk_VlWgUpJFTyuEE2cHAAKREQACwgkZVv_1kIiDLY5uNQQ,AgADkREAAsIJGVY,2131
2842,/SEMESTER1,/Physics,/2023,,1789016259,1789016259,1724052746,1789016259(2).pdf,application/pdf,BQACAgUAAxkBAAIKdWbC9QmDRl8GR9NvqgiFy0E_fHTiAAKSEQACwgkZVkJWJuol30PeNQQ,AgADkhEAAsIJGVY,2100
2844,/SEMESTER1,/Physics,/2023,,1789016259,1789016259,1724052746,1789016259(3).pdf,application/pdf,BQACAgUAAxkBAAIKdmbC9QkvqkDDcAFa6jp4J_WftkRSAAKTEQACwgkZVmF52aSJ3LuCNQQ,AgADkxEAAsIJGVY,2822
2848,/SEMESTER1,/Physics,/2023,,1789016259,1789016259,1724052746,1789016259(1).pdf,application/pdf,BQACAgUAAxkBAAIKd2bC9QmcRC1Cfm4dh6LXv0IUXLQLAAKUEQACwgkZVisQLvotUHETNQQ,AgADlBEAAsIJGVY,2131
2851,/SEMESTER1,/Physics,/2023,,1789016259,1789016259,1724052746,1789016259(2).pdf,application/pdf,BQACAgUAAxkBAAIKeGbC9QkKlhjFVSOAQkmQlcOBM0eyAAKVEQACwgkZVmLz8udrfKO4NQQ,AgADlREAAsIJGVY,2100
2855,/SEMESTER1,/Physics,/2023,,1789016259,1789016259,1724052746,1789016259(3).pdf,application/pdf,BQACAgUAAxkBAAIKeWbC9QlcWmpL3X9ZAT2XL_kVmvHoAAKWEQACwgkZVlhZggsdejXDNQQ,AgADlhEAAsIJGVY,2822
2857,/SEMESTER1,/Physics,/2023,,1789016259,1789016259,1724052746,1789016259(1).pdf,application/pdf,BQACAgUAAxkBAAIKembC9QkZIE-3Y_odWxLpvt5HvY4DAAKXEQACwgkZVpL-Sg2iSMIyNQQ,AgADlxEAAsIJGVY,2421
2860,/SEMESTER1,/Physics,/2023,,1789016259,1789016259,1724052746,1789016259(2).pdf,application/pdf,BQACAgUAAxkBAAIKe2bC9QnACt-XqSCZrvHMvGzkQD9yAAKYEQACwgkZVuHjbYKBBmUCNQQ,AgADmBEAAsIJGVY,2421
2862,/SEMESTER1,/Physics,/2023,,1789016259,1789016259,1724052746,1789016259(3).pdf,application/pdf,BQACAgUAAxkBAAIKfGbC9QnSZ5yT9Z-25mYzb9BjnE1fAAKZEQACwgkZVv-qMHlHzybyNQQ,AgADmREAAsIJGVY,2220
2866,/SEMESTER1,/Physics,/2023,,1789016259,1789016259,1724052745,1789016259.pdf,application/pdf,BQACAgUAAxkBAAIKbmbC9QnLsn3JFhHX0Mxv8QdlsjWlAALVEAACwgkJVo9KQt0DbqdrNQQ,AgAD1RAAAsIJCVY,2043
2870,/SEMESTER1,/Physics,/2023,,1789016259,1789016259,1724052745,1789016259.pdf,application/pdf,BQACAgUAAxkBAAIKb2bC9Qk4GJAVwFPhCbe_wqvOxGbWAAIrEQACwgkJVnET6dU9KQGrNQQ,AgADKxEAAsIJCVY,2043
2872,/SEMESTER1,/Physics,/2023,,1789016259,1789016259,1724052745,1789016259.pdf,application/pdf,BQACAgUAAxkBAAIKcGbC9QmQU3YrQ4bU9NELoKtZ8P2NAAI0EQACwgkJVsgz3pHZkGnkNQQ,AgADNBEAAsIJCVY,2043
2877,/SEMESTER1,/Physics,/2023,,1789016259,1789016259,1724052745,Quesations for python-checkpoint.ipynb,application/octet-stream,BQACAgUAAxkBAAIKcmbC9Ql2nSLsFSfGEsj1Nd3Eo75fAAKdEQACT934VQ_yhEhBczwMNQQ,AgADnREAAk_d-FU,4644
2878,/SEMESTER1,/Physics,/2023,,1789016259,1789016259,1724052745,Quesations for python-checkpoint.ipynb,application/octet-stream,BQACAgUAAxkBAAIKcWbC9QmG3ZD37FXxX3vQ_5KjGoS-AAKdEQACT934VQ_yhEhBczwMNQQ,AgADnREAAk_d-FU,4644
2880,/SEMESTER1,/Physics,/2023,,1789016259,1789016259,1724052746,1789016259(1).pdf,application/pdf,BQACAgUAAxkBAAIKc2bC9Qlmf_R5pFtgw_YYYdAYjwGKAAKQEQACwgkZVoPO08Sr9ANANQQ,AgADkBEAAsIJGVY,1786
2884,/SEMESTER1,/Physics,/2023,,1789016259,1789016259,1724052746,1789016259(1).pdf,application/pdf,BQACAgUAAxkBAAIKdGbC9Qm7SWk_VlWgUpJFTyuEE2cHAAKREQACwgkZVv_1kIiDLY5uNQQ,AgADkREAAsIJGVY,2131
2888,/SEMESTER1,/Physics,/2023,,1789016259,1789016259,1724052746,1789016259(2).pdf,application/pdf,BQACAgUAAxkBAAIKdWbC9QmDRl8GR9NvqgiFy0E_fHTiAAKSEQACwgkZVkJWJuol30PeNQQ,AgADkhEAAsIJGVY,2100
2890,/SEMESTER1,/Physics,/2023,,1789016259,1789016259,1724052746,1789016259(3).pdf,application/pdf,BQACAgUAAxkBAAIKdmbC9QkvqkDDcAFa6jp4J_WftkRSAAKTEQACwgkZVmF52aSJ3LuCNQQ,AgADkxEAAsIJGVY,2822
2892,/SEMESTER1,/Physics,/2023,,1789016259,1789016259,1724052746,1789016259(1).pdf,application/pdf,BQACAgUAAxkBAAIKd2bC9QmcRC1Cfm4dh6LXv0IUXLQLAAKUEQACwgkZVisQLvotUHETNQQ,AgADlBEAAsIJGVY,2131
2897,/SEMESTER1,/Physics,/2023,,1789016259,1789016259,1724052746,1789016259(2).pdf,application/pdf,BQACAgUAAxkBAAIKeGbC9QkKlhjFVSOAQkmQlcOBM0eyAAKVEQACwgkZVmLz8udrfKO4NQQ,AgADlREAAsIJGVY,2100
2899,/SEMESTER1,/Physics,/2023,,1789016259,1789016259,1724052746,1789016259(3).pdf,application/pdf,BQACAgUAAxkBAAIKeWbC9QlcWmpL3X9ZAT2XL_kVmvHoAAKWEQACwgkZVlhZggsdejXDNQQ,AgADlhEAAsIJGVY,2822
2902,/SEMESTER1,/Physics,/2023,,1789016259,1789016259,1724052746,1789016259(1).pdf,application/pdf,BQACAgUAAxkBAAIKembC9QkZIE-3Y_odWxLpvt5HvY4DAAKXEQACwgkZVpL-Sg2iSMIyNQQ,AgADlxEAAsIJGVY,2421
2905,/SEMESTER1,/Physics,/2023,,1789016259,1789016259,1724052746,1789016259(2).pdf,application/pdf,BQACAgUAAxkBAAIKe2bC9QnACt-XqSCZrvHMvGzkQD9yAAKYEQACwgkZVuHjbYKBBmUCNQQ,AgADmBEAAsIJGVY,2421
2907,/SEMESTER1,/Physics,/2023,,1789016259,1789016259,1724052746,1789016259(3).pdf,application/pdf,BQACAgUAAxkBAAIKfGbC9QnSZ5yT9Z-25mYzb9BjnE1fAAKZEQACwgkZVv-qMHlHzybyNQQ,AgADmREAAsIJGVY,2220
2912,/SEMESTER1,/Physics,/2023,,1789016259,1789016259,1724052745,1789016259.pdf,application/pdf,BQACAgUAAxkBAAIKbmbC9QnLsn3JFhHX0Mxv8QdlsjWlAALVEAACwgkJVo9KQt0DbqdrNQQ,AgAD1RAAAsIJCVY,2043
2914,/SEMESTER1,/Physics,/2023,,1789016259,1789016259,1724052745,1789016259.pdf,application/pdf,BQACAgUAAxkBAAIKb2bC9Qk4GJAVwFPhCbe_wqvOxGbWAAIrEQACwgkJVnET6dU9KQGrNQQ,AgADKxEAAsIJCVY,2043
2917,/SEMESTER1,/Physics,/2023,,1789016259,1789016259,1724052745,1789016259.pdf,application/pdf,BQACAgUAAxkBAAIKcGbC9QmQU3YrQ4bU9NELoKtZ8P2NAAI0EQACwgkJVsgz3pHZkGnkNQQ,AgADNBEAAsIJCVY,2043
2920,/SEMESTER1,/Physics,/2023,,1789016259,1789016259,1724052745,Quesations for python-checkpoint.ipynb,application/octet-stream,BQACAgUAAxkBAAIKcWbC9QmG3ZD37FXxX3vQ_5KjGoS-AAKdEQACT934VQ_yhEhBczwMNQQ,AgADnREAAk_d-FU,4644
2923,/SEMESTER1,/Physics,/2023,,1789016259,1789016259,1724052745,Quesations for python-checkpoint.ipynb,application/octet-stream,BQACAgUAAxkBAAIKcmbC9Ql2nSLsFSfGEsj1Nd3Eo75fAAKdEQACT934VQ_yhEhBczwMNQQ,AgADnREAAk_d-FU,4644
2926,/SEMESTER1,/Physics,/2023,,1789016259,1789016259,1724052746,1789016259(1).pdf,application/pdf,BQACAgUAAxkBAAIKc2bC9Qlmf_R5pFtgw_YYYdAYjwGKAAKQEQACwgkZVoPO08Sr9ANANQQ,AgADkBEAAsIJGVY,1786
2930,/SEMESTER1,/Physics,/2023,,1789016259,1789016259,1724052746,1789016259(1).pdf,application/pdf,BQACAgUAAxkBAAIKdGbC9Qm7SWk_VlWgUpJFTyuEE2cHAAKREQACwgkZVv_1kIiDLY5uNQQ,AgADkREAAsIJGVY,2131
2932,/SEMESTER1,/Physics,/2023,,1789016259,1789016259,1724052746,1789016259(2).pdf,application/pdf,BQACAgUAAxkBAAIKdWbC9QmDRl8GR9NvqgiFy0E_fHTiAAKSEQACwgkZVkJWJuol30PeNQQ,AgADkhEAAsIJGVY,2100
2934,/SEMESTER1,/Physics,/2023,,1789016259,1789016259,1724052746,1789016259(3).pdf,application/pdf,BQACAgUAAxkBAAIKdmbC9QkvqkDDcAFa6jp4J_WftkRSAAKTEQACwgkZVmF52aSJ3LuCNQQ,AgADkxEAAsIJGVY,2822
2938,/SEMESTER1,/Physics,/2023,,1789016259,1789016259,1724052746,1789016259(1).pdf,application/pdf,BQACAgUAAxkBAAIKd2bC9QmcRC1Cfm4dh6LXv0IUXLQLAAKUEQACwgkZVisQLvotUHETNQQ,AgADlBEAAsIJGVY,2131
2941,/SEMESTER1,/Physics,/2023,,1789016259,1789016259,1724052746,1789016259(2).pdf,application/pdf,BQACAgUAAxkBAAIKeGbC9QkKlhjFVSOAQkmQlcOBM0eyAAKVEQACwgkZVmLz8udrfKO4NQQ,AgADlREAAsIJGVY,2100
2944,/SEMESTER1,/Physics,/2023,,1789016259,1789016259,1724052746,1789016259(3).pdf,application/pdf,BQACAgUAAxkBAAIKeWbC9QlcWmpL3X9ZAT2XL_kVmvHoAAKWEQACwgkZVlhZggsdejXDNQQ,AgADlhEAAsIJGVY,2822
2947,/SEMESTER1,/Physics,/2023,,1789016259,1789016259,1724052746,1789016259(1).pdf,application/pdf,BQACAgUAAxkBAAIKembC9QkZIE-3Y_odWxLpvt5HvY4DAAKXEQACwgkZVpL-Sg2iSMIyNQQ,AgADlxEAAsIJGVY,2421
2948,/SEMESTER1,/Physics,/2023,,1789016259,1789016259,1724052746,1789016259(2).pdf,application/pdf,BQACAgUAAxkBAAIKe2bC9QnACt-XqSCZrvHMvGzkQD9yAAKYEQACwgkZVuHjbYKBBmUCNQQ,AgADmBEAAsIJGVY,2421
2951,/SEMESTER1,/Physics,/2023,,1789016259,1789016259,1724052746,1789016259(3).pdf,application/pdf,BQACAgUAAxkBAAIKfGbC9QnSZ5yT9Z-25mYzb9BjnE1fAAKZEQACwgkZVv-qMHlHzybyNQQ,AgADmREAAsIJGVY,2220
2957,/SEMESTER1,/Physics,/2023,,1789016259,1789016259,1724052745,1789016259.pdf,application/pdf,BQACAgUAAxkBAAIKbmbC9QnLsn3JFhHX0Mxv8QdlsjWlAALVEAACwgkJVo9KQt0DbqdrNQQ,AgAD1RAAAsIJCVY,2043
2958,/SEMESTER1,/Physics,/2023,,1789016259,1789016259,1724052745,1789016259.pdf,application/pdf,BQACAgUAAxkBAAIKb2bC9Qk4GJAVwFPhCbe_wqvOxGbWAAIrEQACwgkJVnET6dU9KQGrNQQ,AgADKxEAAsIJCVY,2043
2963,/SEMESTER1,/Physics,/2023,,1789016259,1789016259,1724052745,1789016259.pdf,application/pdf,BQACAgUAAxkBAAIKcGbC9QmQU3YrQ4bU9NELoKtZ8P2NAAI0EQACwgkJVsgz3pHZkGnkNQQ,AgADNBEAAsIJCVY,2043
2965,/SEMESTER1,/Physics,/2023,,1789016259,1789016259,1724052745,Quesations for python-checkpoint.ipynb,application/octet-stream,BQACAgUAAxkBAAIKcWbC9QmG3ZD37FXxX3vQ_5KjGoS-AAKdEQACT934VQ_yhEhBczwMNQQ,AgADnREAAk_d-FU,4644
2968,/SEMESTER1,/Physics,/2023,,1789016259,1789016259,1724052745,Quesations for python-checkpoint.ipynb,application/octet-stream,BQACAgUAAxkBAAIKcmbC9Ql2nSLsFSfGEsj1Nd3Eo75fAAKdEQACT934VQ_yhEhBczwMNQQ,AgADnREAAk_d-FU,4644
2971,/SEMESTER1,/Physics,/2023,,1789016259,1789016259,1724052746,1789016259(1).pdf,application/pdf,BQACAgUAAxkBAAIKc2bC9Qlmf_R5pFtgw_YYYdAYjwGKAAKQEQACwgkZVoPO08Sr9ANANQQ,AgADkBEAAsIJGVY,1786
2973,/SEMESTER1,/Physics,/2023,,1789016259,1789016259,1724052746,1789016259(1).pdf,application/pdf,BQACAgUAAxkBAAIKdGbC9Qm7SWk_VlWgUpJFTyuEE2cHAAKREQACwgkZVv_1kIiDLY5uNQQ,AgADkREAAsIJGVY,2131
2978,/SEMESTER1,/Physics,/2023,,1789016259,1789016259,1724052746,1789016259(2).pdf,application/pdf,BQACAgUAAxkBAAIKdWbC9QmDRl8GR9NvqgiFy0E_fHTiAAKSEQACwgkZVkJWJuol30PeNQQ,AgADkhEAAsIJGVY,2100
2979,/SEMESTER1,/Physics,/2023,,1789016259,1789016259,1724052746,1789016259(3).pdf,application/pdf,BQACAgUAAxkBAAIKdmbC9QkvqkDDcAFa6jp4J_WftkRSAAKTEQACwgkZVmF52aSJ3LuCNQQ,AgADkxEAAsIJGVY,2822
2983,/SEMESTER1,/Physics,/2023,,1789016259,1789016259,1724052746,1789016259(1).pdf,application/pdf,BQACAgUAAxkBAAIKd2bC9QmcRC1Cfm4dh6LXv0IUXLQLAAKUEQACwgkZVisQLvotUHETNQQ,AgADlBEAAsIJGVY,2131
2987,/SEMESTER1,/Physics,/2023,,1789016259,1789016259,1724052746,1789016259(2).pdf,application/pdf,BQACAgUAAxkBAAIKeGbC9QkKlhjFVSOAQkmQlcOBM0eyAAKVEQACwgkZVmLz8udrfKO4NQQ,AgADlREAAsIJGVY,2100
2989,/SEMESTER1,/Physics,/2023,,1789016259,1789016259,1724052746,1789016259(3).pdf,application/pdf,BQACAgUAAxkBAAIKeWbC9QlcWmpL3X9ZAT2XL_kVmvHoAAKWEQACwgkZVlhZggsdejXDNQQ,AgADlhEAAsIJGVY,2822
2992,/SEMESTER1,/Physics,/2023,,1789016259,1789016259,1724052746,1789016259(1).pdf,application/pdf,BQACAgUAAxkBAAIKembC9QkZIE-3Y_odWxLpvt5HvY4DAAKXEQACwgkZVpL-Sg2iSMIyNQQ,AgADlxEAAsIJGVY,2421
2995,/SEMESTER1,/Physics,/2023,,1789016259,1789016259,1724052746,1789016259(2).pdf,application/pdf,BQACAgUAAxkBAAIKe2bC9QnACt-XqSCZrvHMvGzkQD9yAAKYEQACwgkZVuHjbYKBBmUCNQQ,AgADmBEAAsIJGVY,2421
2997,/SEMESTER1,/Physics,/2023,,1789016259,1789016259,1724052746,1789016259(3).pdf,application/pdf,BQACAgUAAxkBAAIKfGbC9QnSZ5yT9Z-25mYzb9BjnE1fAAKZEQACwgkZVv-qMHlHzybyNQQ,AgADmREAAsIJGVY,2220
3002,/SEMESTER1,/Physics,/2023,,1789016259,1789016259,1724052745,1789016259.pdf,application/pdf,BQACAgUAAxkBAAIKbmbC9QnLsn3JFhHX0Mxv8QdlsjWlAALVEAACwgkJVo9KQt0DbqdrNQQ,AgAD1RAAAsIJCVY,2043
3004,/SEMESTER1,/Physics,/2023,,1789016259,1789016259,1724052745,1789016259.pdf,application/pdf,BQACAgUAAxkBAAIKb2bC9Qk4GJAVwFPhCbe_wqvOxGbWAAIrEQACwgkJVnET6dU9KQGrNQQ,AgADKxEAAsIJCVY,2043
3008,/SEMESTER1,/Physics,/2023,,1789016259,1789016259,1724052745,1789016259.pdf,application/pdf,BQACAgUAAxkBAAIKcGbC9QmQU3YrQ4bU9NELoKtZ8P2NAAI0EQACwgkJVsgz3pHZkGnkNQQ,AgADNBEAAsIJCVY,2043
3011,/SEMESTER1,/Physics,/2023,,1789016259,1789016259,1724052745,Quesations for python-checkpoint.ipynb,application/octet-stream,BQACAgUAAxkBAAIKcWbC9QmG3ZD37FXxX3vQ_5KjGoS-AAKdEQACT934VQ_yhEhBczwMNQQ,AgADnREAAk_d-FU,4644
3012,/SEMESTER1,/Physics,/2023,,1789016259,1789016259,1724052745,Quesations for python-checkpoint.ipynb,application/octet-stream,BQACAgUAAxkBAAIKcmbC9Ql2nSLsFSfGEsj1Nd3Eo75fAAKdEQACT934VQ_yhEhBczwMNQQ,AgADnREAAk_d-FU,4644
3017,/SEMESTER1,/Physics,/2023,,1789016259,1789016259,1724052746,1789016259(1).pdf,application/pdf,BQACAgUAAxkBAAIKc2bC9Qlmf_R5pFtgw_YYYdAYjwGKAAKQEQACwgkZVoPO08Sr9ANANQQ,AgADkBEAAsIJGVY,1786
3020,/SEMESTER1,/Physics,/2023,,1789016259,1789016259,1724052746,1789016259(1).pdf,application/pdf,BQACAgUAAxkBAAIKdGbC9Qm7SWk_VlWgUpJFTyuEE2cHAAKREQACwgkZVv_1kIiDLY5uNQQ,AgADkREAAsIJGVY,2131
3021,/SEMESTER1,/Physics,/2023,,1789016259,1789016259,1724052746,1789016259(2).pdf,application/pdf,BQACAgUAAxkBAAIKdWbC9QmDRl8GR9NvqgiFy0E_fHTiAAKSEQACwgkZVkJWJuol30PeNQQ,AgADkhEAAsIJGVY,2100
3026,/SEMESTER1,/Physics,/2023,,1789016259,1789016259,1724052746,1789016259(3).pdf,application/pdf,BQACAgUAAxkBAAIKdmbC9QkvqkDDcAFa6jp4J_WftkRSAAKTEQACwgkZVmF52aSJ3LuCNQQ,AgADkxEAAsIJGVY,2822
3028,/SEMESTER1,/Physics,/2023,,1789016259,1789016259,1724052746,1789016259(1).pdf,application/pdf,BQACAgUAAxkBAAIKd2bC9QmcRC1Cfm4dh6LXv0IUXLQLAAKUEQACwgkZVisQLvotUHETNQQ,AgADlBEAAsIJGVY,2131
3030,/SEMESTER1,/Physics,/2023,,1789016259,1789016259,1724052746,1789016259(2).pdf,application/pdf,BQACAgUAAxkBAAIKeGbC9QkKlhjFVSOAQkmQlcOBM0eyAAKVEQACwgkZVmLz8udrfKO4NQQ,AgADlREAAsIJGVY,2100
3035,/SEMESTER1,/Physics,/2023,,1789016259,1789016259,1724052746,1789016259(3).pdf,application/pdf,BQACAgUAAxkBAAIKeWbC9QlcWmpL3X9ZAT2XL_kVmvHoAAKWEQACwgkZVlhZggsdejXDNQQ,AgADlhEAAsIJGVY,2822
3037,/SEMESTER1,/Physics,/2023,,1789016259,1789016259,1724052746,1789016259(1).pdf,application/pdf,BQACAgUAAxkBAAIKembC9QkZIE-3Y_odWxLpvt5HvY4DAAKXEQACwgkZVpL-Sg2iSMIyNQQ,AgADlxEAAsIJGVY,2421
3041,/SEMESTER1,/Physics,/2023,,1789016259,1789016259,1724052746,1789016259(2).pdf,application/pdf,BQACAgUAAxkBAAIKe2bC9QnACt-XqSCZrvHMvGzkQD9yAAKYEQACwgkZVuHjbYKBBmUCNQQ,AgADmBEAAsIJGVY,2421
3042,/SEMESTER1,/Physics,/2023,,1789016259,1789016259,1724052746,1789016259(3).pdf,application/pdf,BQACAgUAAxkBAAIKfGbC9QnSZ5yT9Z-25mYzb9BjnE1fAAKZEQACwgkZVv-qMHlHzybyNQQ,AgADmREAAsIJGVY,2220
3047,/SEMESTER1,/Physics,/2023,,1789016259,1789016259,1724052745,1789016259.pdf,application/pdf,BQACAgUAAxkBAAIKbmbC9QnLsn3JFhHX0Mxv8QdlsjWlAALVEAACwgkJVo9KQt0DbqdrNQQ,AgAD1RAAAsIJCVY,2043
3049,/SEMESTER1,/Physics,/2023,,1789016259,1789016259,1724052745,1789016259.pdf,application/pdf,BQACAgUAAxkBAAIKb2bC9Qk4GJAVwFPhCbe_wqvOxGbWAAIrEQACwgkJVnET6dU9KQGrNQQ,AgADKxEAAsIJCVY,2043
3052,/SEMESTER1,/Physics,/2023,,1789016259,1789016259,1724052745,1789016259.pdf,application/pdf,BQACAgUAAxkBAAIKcGbC9QmQU3YrQ4bU9NELoKtZ8P2NAAI0EQACwgkJVsgz3pHZkGnkNQQ,AgADNBEAAsIJCVY,2043
3055,/SEMESTER1,/Physics,/2023,,1789016259,1789016259,1724052745,Quesations for python-checkpoint.ipynb,application/octet-stream,BQACAgUAAxkBAAIKcWbC9QmG3ZD37FXxX3vQ_5KjGoS-AAKdEQACT934VQ_yhEhBczwMNQQ,AgADnREAAk_d-FU,4644
3058,/SEMESTER1,/Physics,/2023,,1789016259,1789016259,1724052745,Quesations for python-checkpoint.ipynb,application/octet-stream,BQACAgUAAxkBAAIKcmbC9Ql2nSLsFSfGEsj1Nd3Eo75fAAKdEQACT934VQ_yhEhBczwMNQQ,AgADnREAAk_d-FU,4644
3061,/SEMESTER1,/Physics,/2023,,1789016259,1789016259,1724052746,1789016259(1).pdf,application/pdf,BQACAgUAAxkBAAIKc2bC9Qlmf_R5pFtgw_YYYdAYjwGKAAKQEQACwgkZVoPO08Sr9ANANQQ,AgADkBEAAsIJGVY,1786
3065,/SEMESTER1,/Physics,/2023,,1789016259,1789016259,1724052746,1789016259(1).pdf,application/pdf,BQACAgUAAxkBAAIKdGbC9Qm7SWk_VlWgUpJFTyuEE2cHAAKREQACwgkZVv_1kIiDLY5uNQQ,AgADkREAAsIJGVY,2131
3067,/SEMESTER1,/Physics,/2023,,1789016259,1789016259,1724052746,1789016259(2).pdf,application/pdf,BQACAgUAAxkBAAIKdWbC9QmDRl8GR9NvqgiFy0E_fHTiAAKSEQACwgkZVkJWJuol30PeNQQ,AgADkhEAAsIJGVY,2100
3070,/SEMESTER1,/Physics,/2023,,1789016259,1789016259,1724052746,1789016259(3).pdf,application/pdf,BQACAgUAAxkBAAIKdmbC9QkvqkDDcAFa6jp4J_WftkRSAAKTEQACwgkZVmF52aSJ3LuCNQQ,AgADkxEAAsIJGVY,2822
3073,/SEMESTER1,/Physics,/2023,,1789016259,1789016259,1724052746,1789016259(1).pdf,application/pdf,BQACAgUAAxkBAAIKd2bC9QmcRC1Cfm4dh6LXv0IUXLQLAAKUEQACwgkZVisQLvotUHETNQQ,AgADlBEAAsIJGVY,2131
3076,/SEMESTER1,/Physics,/2023,,1789016259,1789016259,1724052746,1789016259(2).pdf,application/pdf,BQACAgUAAxkBAAIKeGbC9QkKlhjFVSOAQkmQlcOBM0eyAAKVEQACwgkZVmLz8udrfKO4NQQ,AgADlREAAsIJGVY,2100
3078,/SEMESTER1,/Physics,/2023,,1789016259,1789016259,1724052746,1789016259(3).pdf,application/pdf,BQACAgUAAxkBAAIKeWbC9QlcWmpL3X9ZAT2XL_kVmvHoAAKWEQACwgkZVlhZggsdejXDNQQ,AgADlhEAAsIJGVY,2822
3083,/SEMESTER1,/Physics,/2023,,1789016259,1789016259,1724052746,1789016259(1).pdf,application/pdf,BQACAgUAAxkBAAIKembC9QkZIE-3Y_odWxLpvt5HvY4DAAKXEQACwgkZVpL-Sg2iSMIyNQQ,AgADlxEAAsIJGVY,2421
3084,/SEMESTER1,/Physics,/2023,,1789016259,1789016259,1724052746,1789016259(2).pdf,application/pdf,BQACAgUAAxkBAAIKe2bC9QnACt-XqSCZrvHMvGzkQD9yAAKYEQACwgkZVuHjbYKBBmUCNQQ,AgADmBEAAsIJGVY,2421
3088,/SEMESTER1,/Physics,/2023,,1789016259,1789016259,1724052746,1789016259(3).pdf,application/pdf,BQACAgUAAxkBAAIKfGbC9QnSZ5yT9Z-25mYzb9BjnE1fAAKZEQACwgkZVv-qMHlHzybyNQQ,AgADmREAAsIJGVY,2220
3092,/SEMESTER1,/Physics,/2023,,1789016259,1789016259,1724052745,1789016259.pdf,application/pdf,BQACAgUAAxkBAAIKbmbC9QnLsn3JFhHX0Mxv8QdlsjWlAALVEAACwgkJVo9KQt0DbqdrNQQ,AgAD1RAAAsIJCVY,2043
3094,/SEMESTER1,/Physics,/2023,,1789016259,1789016259,1724052745,1789016259.pdf,application/pdf,BQACAgUAAxkBAAIKb2bC9Qk4GJAVwFPhCbe_wqvOxGbWAAIrEQACwgkJVnET6dU9KQGrNQQ,AgADKxEAAsIJCVY,2043
3097,/SEMESTER1,/Physics,/2023,,1789016259,1789016259,1724052745,1789016259.pdf,application/pdf,BQACAgUAAxkBAAIKcGbC9QmQU3YrQ4bU9NELoKtZ8P2NAAI0EQACwgkJVsgz3pHZkGnkNQQ,AgADNBEAAsIJCVY,2043
3100,/SEMESTER1,/Physics,/2023,,1789016259,1789016259,1724052745,Quesations for python-checkpoint.ipynb,application/octet-stream,BQACAgUAAxkBAAIKcWbC9QmG3ZD37FXxX3vQ_5KjGoS-AAKdEQACT934VQ_yhEhBczwMNQQ,AgADnREAAk_d-FU,4644
3103,/SEMESTER1,/Physics,/2023,,1789016259,1789016259,1724052745,Quesations for python-checkpoint.ipynb,application/octet-stream,BQACAgUAAxkBAAIKcmbC9Ql2nSLsFSfGEsj1Nd3Eo75fAAKdEQACT934VQ_yhEhBczwMNQQ,AgADnREAAk_d-FU,4644
3105,/SEMESTER1,/Physics,/2023,,1789016259,1789016259,1724052746,1789016259(1).pdf,application/pdf,BQACAgUAAxkBAAIKc2bC9Qlmf_R5pFtgw_YYYdAYjwGKAAKQEQACwgkZVoPO08Sr9ANANQQ,AgADkBEAAsIJGVY,1786
3110,/SEMESTER1,/Physics,/2023,,1789016259,1789016259,1724052746,1789016259(1).pdf,application/pdf,BQACAgUAAxkBAAIKdGbC9Qm7SWk_VlWgUpJFTyuEE2cHAAKREQACwgkZVv_1kIiDLY5uNQQ,AgADkREAAsIJGVY,2131
3111,/SEMESTER1,/Physics,/2023,,1789016259,1789016259,1724052746,1789016259(2).pdf,application/pdf,BQACAgUAAxkBAAIKdWbC9QmDRl8GR9NvqgiFy0E_fHTiAAKSEQACwgkZVkJWJuol30PeNQQ,AgADkhEAAsIJGVY,2100
3116,/SEMESTER1,/Physics,/2023,,1789016259,1789016259,1724052746,1789016259(3).pdf,application/pdf,BQACAgUAAxkBAAIKdmbC9QkvqkDDcAFa6jp4J_WftkRSAAKTEQACwgkZVmF52aSJ3LuCNQQ,AgADkxEAAsIJGVY,2822
3117,/SEMESTER1,/Physics,/2023,,1789016259,1789016259,1724052746,1789016259(1).pdf,application/pdf,BQACAgUAAxkBAAIKd2bC9QmcRC1Cfm4dh6LXv0IUXLQLAAKUEQACwgkZVisQLvotUHETNQQ,AgADlBEAAsIJGVY,2131
3120,/SEMESTER1,/Physics,/2023,,1789016259,1789016259,1724052746,1789016259(2).pdf,application/pdf,BQACAgUAAxkBAAIKeGbC9QkKlhjFVSOAQkmQlcOBM0eyAAKVEQACwgkZVmLz8udrfKO4NQQ,AgADlREAAsIJGVY,2100
3125,/SEMESTER1,/Physics,/2023,,1789016259,1789016259,1724052746,1789016259(3).pdf,application/pdf,BQACAgUAAxkBAAIKeWbC9QlcWmpL3X9ZAT2XL_kVmvHoAAKWEQACwgkZVlhZggsdejXDNQQ,AgADlhEAAsIJGVY,2822
3127,/SEMESTER1,/Physics,/2023,,1789016259,1789016259,1724052746,1789016259(1).pdf,application/pdf,BQACAgUAAxkBAAIKembC9QkZIE-3Y_odWxLpvt5HvY4DAAKXEQACwgkZVpL-Sg2iSMIyNQQ,AgADlxEAAsIJGVY,2421
3129,/SEMESTER1,/Physics,/2023,,1789016259,1789016259,1724052746,1789016259(2).pdf,application/pdf,BQACAgUAAxkBAAIKe2bC9QnACt-XqSCZrvHMvGzkQD9yAAKYEQACwgkZVuHjbYKBBmUCNQQ,AgADmBEAAsIJGVY,2421
3133,/SEMESTER1,/Physics,/2023,,1789016259,1789016259,1724052746,1789016259(3).pdf,application/pdf,BQACAgUAAxkBAAIKfGbC9QnSZ5yT9Z-25mYzb9BjnE1fAAKZEQACwgkZVv-qMHlHzybyNQQ,AgADmREAAsIJGVY,2220
3137,/SEMESTER1,/Physics,/2023,,1789016259,1789016259,1724052745,1789016259.pdf,application/pdf,BQACAgUAAxkBAAIKbmbC9QnLsn3JFhHX0Mxv8QdlsjWlAALVEAACwgkJVo9KQt0DbqdrNQQ,AgAD1RAAAsIJCVY,2043
3139,/SEMESTER1,/Physics,/2023,,1789016259,1789016259,1724052745,1789016259.pdf,application/pdf,BQACAgUAAxkBAAIKb2bC9Qk4GJAVwFPhCbe_wqvOxGbWAAIrEQACwgkJVnET6dU9KQGrNQQ,AgADKxEAAsIJCVY,2043
3143,/SEMESTER1,/Physics,/2023,,1789016259,1789016259,1724052745,1789016259.pdf,application/pdf,BQACAgUAAxkBAAIKcGbC9QmQU3YrQ4bU9NELoKtZ8P2NAAI0EQACwgkJVsgz3pHZkGnkNQQ,AgADNBEAAsIJCVY,2043
3145,/SEMESTER1,/Physics,/2023,,1789016259,1789016259,1724052745,Quesations for python-checkpoint.ipynb,application/octet-stream,BQACAgUAAxkBAAIKcWbC9QmG3ZD37FXxX3vQ_5KjGoS-AAKdEQACT934VQ_yhEhBczwMNQQ,AgADnREAAk_d-FU,4644
4219,/SEMESTER1,/Physics,/2023,,1789016259,1789016259,1724065808,file handling-checkpoint (2).py,text/x-python,BQACAgUAAxkBAAIQeWbDKBBCdspjo1MDeL-JCj4sSFvKAAIwEgAC49QYVl7qmRyBmaVjNQQ,AgADMBIAAuPUGFY,3094
4239,/SEMESTER1,/EnggMechanics,/2023,,1789016259,1789016259,1724065898,file handling-checkpoint (2).py,text/x-python,BQACAgUAAxkBAAIQjWbDKGr3nLdskWMoPPmuf5H0cKw1AAIxEgAC49QYVtWGJCr0mOEFNQQ,AgADMRIAAuPUGFY,3094
4273,/SEMESTER1,/EnggMechanics,/2023,,1789016259,1789016259,1724375373,file handling-checkpoint (2).py,text/x-python,BQACAgUAAxkBAAIQsGbH4U3MiaBhdHbs0SV58yw4YMGdAAK9EAACFONBVocWm--qRnfWNQQ,AgADvRAAAhTjQVY,3094
